{"cameraMode":{"drawMode":0,"name":"Shaded","section":"Shading Mode"},"sceneLighting":true,"audioPlay":false,"sceneViewState":{"m_AlwaysRefresh":false,"showFog":true,"showSkybox":true,"showFlares":true,"showImageEffects":true,"showParticleSystems":true,"showVisualEffectGraphs":true,"m_FxEnabled":true},"in2DMode":false,"pivot":{"x":0.9597268104553223,"y":1.4217500686645508,"z":-1.4716334342956544},"rotation":{"x":-0.03872312605381012,"y":0.9505812525749207,"z":-0.1323193460702896,"w":-0.27818650007247927},"size":4.169308662414551,"orthographic":false}