{"cameraMode":{"drawMode":0,"name":"Shaded","section":"Shading Mode"},"sceneLighting":true,"audioPlay":false,"sceneViewState":{"m_AlwaysRefresh":false,"showFog":true,"showSkybox":true,"showFlares":true,"showImageEffects":true,"showParticleSystems":true,"showVisualEffectGraphs":true,"m_FxEnabled":true},"in2DMode":false,"pivot":{"x":20.728933334350587,"y":11.957319259643555,"z":3.1571145057678224},"rotation":{"x":0.004385609179735184,"y":0.97836834192276,"z":-0.020851880311965944,"w":0.2057727873325348},"size":10.449999809265137,"orthographic":false}