{"cameraMode":{"drawMode":0,"name":"Shaded","section":"Shading Mode"},"sceneLighting":false,"audioPlay":false,"sceneViewState":{"m_AlwaysRefresh":false,"showFog":true,"showSkybox":false,"showFlares":true,"showImageEffects":true,"showParticleSystems":true,"showVisualEffectGraphs":true,"m_FxEnabled":true},"in2DMode":false,"pivot":{"x":-34.178504943847659,"y":20.61248016357422,"z":-283.92950439453127},"rotation":{"x":-0.0010125933913514019,"y":-0.9989551305770874,"z":0.03628763556480408,"w":-0.02787127159535885},"size":266.56219482421877,"orthographic":false}