{"cameraMode":{"drawMode":0,"name":"Shaded","section":"Shading Mode"},"sceneLighting":true,"audioPlay":false,"sceneViewState":{"m_AlwaysRefresh":false,"showFog":true,"showSkybox":true,"showFlares":true,"showImageEffects":true,"showParticleSystems":true,"showVisualEffectGraphs":true,"m_FxEnabled":true},"in2DMode":false,"pivot":{"x":0.00016182661056518555,"y":0.4596424102783203,"z":0.10946467518806458},"rotation":{"x":0.14648637175559998,"y":0.06227178871631622,"z":-0.009240509942173958,"w":0.9872081875801086},"size":0.8554998636245728,"orthographic":false}