{"cameraMode":{"drawMode":0,"name":"Shaded","section":"Shading Mode"},"sceneLighting":true,"audioPlay":false,"sceneViewState":{"m_AlwaysRefresh":false,"showFog":true,"showSkybox":true,"showFlares":true,"showImageEffects":true,"showParticleSystems":true,"showVisualEffectGraphs":true,"m_FxEnabled":true},"in2DMode":false,"pivot":{"x":0.052166104316711429,"y":1.7225464582443238,"z":-2.814528703689575},"rotation":{"x":0.002048177644610405,"y":0.9951403141021729,"z":-0.0961390882730484,"w":0.02120095118880272},"size":3.295501470565796,"orthographic":false}