{"cameraMode":{"drawMode":0,"name":"Shaded","section":"Shading Mode"},"sceneLighting":true,"audioPlay":false,"sceneViewState":{"m_AlwaysRefresh":false,"showFog":true,"showSkybox":true,"showFlares":true,"showImageEffects":true,"showParticleSystems":true,"showVisualEffectGraphs":true,"m_FxEnabled":true},"in2DMode":false,"pivot":{"x":2.1164426803588869,"y":0.8509666919708252,"z":-0.33138787746429446},"rotation":{"x":0.03136623278260231,"y":0.8031782507896423,"z":-0.04245506227016449,"w":0.5933962464332581},"size":1.901487112045288,"orthographic":false}