{"cameraMode":{"drawMode":0,"name":"Shaded","section":"Shading Mode"},"sceneLighting":false,"audioPlay":false,"sceneViewState":{"m_AlwaysRefresh":false,"showFog":true,"showSkybox":false,"showFlares":true,"showImageEffects":true,"showParticleSystems":true,"showVisualEffectGraphs":true,"m_FxEnabled":true},"in2DMode":false,"pivot":{"x":1.0597331523895264,"y":0.20625782012939454,"z":2.084097385406494},"rotation":{"x":0.20100367069244386,"y":0.06312954425811768,"z":-0.012981693260371685,"w":0.9774689078330994},"size":2.911196708679199,"orthographic":false}