{"cameraMode":{"drawMode":0,"name":"Shaded","section":"Shading Mode"},"sceneLighting":false,"audioPlay":false,"sceneViewState":{"m_AlwaysRefresh":false,"showFog":true,"showSkybox":false,"showFlares":true,"showImageEffects":true,"showParticleSystems":true,"showVisualEffectGraphs":true,"m_FxEnabled":true},"in2DMode":false,"pivot":{"x":-0.35983729362487795,"y":1.8235228061676026,"z":-0.21346259117126466},"rotation":{"x":-0.012252239510416985,"y":0.9787683486938477,"z":-0.19515733420848847,"w":-0.06144833564758301},"size":1.1761542558670045,"orthographic":false}